user_id,email,name
21,user21@example.com,User 21
22,user22@example.com,User 22
23,user23@example.com,User 23
24,user24@example.com,User 24
25,invalid-email,User 25
26,user26@example.com,User 26
27,user27@example.com,User 27
28,user28@example.com,
29,user29@example.com,User 29
30,user30@example.com,User 30
31,user31@example.com,User 31
32,user32@example.com,User 32
33,user33@example.com,User 33
34,user34@example.com,User 34
35,user35@example.com,User 35
36,user36@example.com,User 36
37,user37@example.com,User 37
38,user38@example.com,User 38
39,user39@example.com,User 39
40,user40@example.com,
